86.0,64.0,58.0,60.0,64.0,64.0,80.0,122.0
58.0,60.0,62.0,64.0,66.0,92.0,116.0,118.0
58.0,60.0,64.0,64.0,80.0,102.0,122.0,120.0
60.0,62.0,64.0,66.0,92.0,116.0,110.0,124.0
60.0,64.0,64.0,80.0,102.0,122.0,114.0,126.0
62.0,64.0,66.0,92.0,116.0,110.0,118.0,126.0
64.0,64.0,80.0,102.0,122.0,114.0,120.0,126.0
64.0,66.0,92.0,116.0,110.0,118.0,124.0,128.0
64.0,80.0,102.0,122.0,114.0,120.0,126.0,128.0
66.0,92.0,116.0,110.0,118.0,124.0,126.0,130.0
80.0,102.0,122.0,114.0,120.0,126.0,126.0,128.0
92.0,116.0,110.0,118.0,124.0,126.0,128.0,120.0
102.0,122.0,114.0,120.0,126.0,126.0,128.0,112.0
116.0,110.0,118.0,124.0,126.0,128.0,130.0,108.0
114.0,120.0,126.0,126.0,128.0,128.0,112.0,114.0
118.0,124.0,126.0,128.0,130.0,120.0,108.0,140.0
120.0,126.0,126.0,128.0,128.0,112.0,104.0,160.0
126.0,126.0,128.0,128.0,112.0,104.0,114.0,164.0
126.0,128.0,128.0,112.0,104.0,114.0,160.0,122.0
128.0,130.0,120.0,108.0,104.0,140.0,170.0,112.0
128.0,128.0,112.0,104.0,114.0,160.0,164.0,108.0
130.0,120.0,108.0,104.0,140.0,170.0,142.0,106.0
128.0,112.0,104.0,114.0,160.0,164.0,122.0,118.0
120.0,108.0,104.0,140.0,170.0,142.0,112.0,132.0
112.0,104.0,114.0,160.0,164.0,122.0,108.0,142.0
108.0,104.0,140.0,170.0,142.0,112.0,106.0,150.0
104.0,114.0,160.0,164.0,122.0,108.0,118.0,150.0
104.0,140.0,170.0,142.0,112.0,106.0,132.0,138.0
114.0,160.0,164.0,122.0,108.0,118.0,142.0,128.0
140.0,170.0,142.0,112.0,106.0,132.0,150.0,122.0
170.0,142.0,112.0,106.0,132.0,150.0,138.0,100.0
142.0,112.0,106.0,132.0,150.0,138.0,122.0,88.0
106.0,132.0,150.0,138.0,122.0,100.0,88.0,128.0
118.0,142.0,150.0,128.0,116.0,90.0,82.0,142.0
142.0,150.0,128.0,116.0,90.0,82.0,110.0,140.0
150.0,138.0,122.0,100.0,88.0,86.0,128.0,124.0
150.0,128.0,116.0,90.0,82.0,110.0,142.0,114.0
128.0,116.0,90.0,82.0,110.0,142.0,140.0,108.0
122.0,100.0,88.0,86.0,128.0,150.0,124.0,108.0
100.0,88.0,86.0,128.0,150.0,124.0,108.0,108.0
90.0,82.0,110.0,142.0,140.0,114.0,108.0,108.0
82.0,110.0,142.0,140.0,114.0,108.0,108.0,108.0
110.0,142.0,140.0,114.0,108.0,108.0,108.0,130.0
142.0,140.0,114.0,108.0,108.0,108.0,108.0,112.0
150.0,124.0,108.0,108.0,108.0,106.0,118.0,108.0
140.0,114.0,108.0,108.0,108.0,108.0,130.0,118.0
114.0,108.0,108.0,108.0,108.0,130.0,112.0,134.0
108.0,108.0,108.0,106.0,118.0,130.0,108.0,130.0
108.0,108.0,108.0,108.0,130.0,112.0,118.0,122.0
108.0,108.0,106.0,118.0,130.0,108.0,130.0,112.0
108.0,108.0,108.0,130.0,112.0,118.0,134.0,106.0
108.0,106.0,118.0,130.0,108.0,130.0,130.0,102.0
108.0,108.0,130.0,112.0,118.0,134.0,122.0,96.0
312.0,308.0,302.0,298.0,302.0,310.0,318.0,330.0
310.0,304.0,300.0,300.0,306.0,314.0,320.0,332.0
308.0,302.0,298.0,302.0,310.0,318.0,324.0,334.0
304.0,300.0,300.0,306.0,314.0,320.0,328.0,332.0
302.0,298.0,302.0,310.0,318.0,324.0,330.0,328.0
300.0,300.0,306.0,314.0,320.0,328.0,332.0,326.0
298.0,302.0,310.0,318.0,324.0,330.0,334.0,326.0
302.0,310.0,318.0,324.0,330.0,334.0,328.0,330.0
310.0,318.0,324.0,330.0,334.0,328.0,326.0,332.0
314.0,320.0,328.0,332.0,332.0,326.0,328.0,334.0
320.0,328.0,332.0,332.0,326.0,328.0,332.0,330.0
324.0,330.0,334.0,328.0,326.0,330.0,332.0,326.0
330.0,334.0,328.0,326.0,330.0,332.0,332.0,326.0
332.0,332.0,326.0,328.0,332.0,334.0,330.0,324.0
332.0,326.0,328.0,332.0,334.0,330.0,326.0,322.0
328.0,326.0,330.0,332.0,332.0,326.0,326.0,320.0
326.0,328.0,332.0,334.0,330.0,326.0,324.0,318.0
326.0,330.0,332.0,332.0,326.0,326.0,324.0,318.0
328.0,332.0,334.0,330.0,326.0,324.0,322.0,320.0
332.0,334.0,330.0,326.0,324.0,322.0,318.0,320.0
332.0,332.0,326.0,326.0,324.0,320.0,318.0,320.0
334.0,330.0,326.0,324.0,322.0,318.0,320.0,318.0
330.0,326.0,324.0,322.0,318.0,320.0,320.0,318.0
326.0,324.0,320.0,318.0,320.0,320.0,318.0,318.0
324.0,322.0,318.0,320.0,320.0,318.0,318.0,316.0
322.0,318.0,320.0,320.0,318.0,318.0,318.0,310.0
320.0,318.0,320.0,320.0,318.0,318.0,318.0,304.0
318.0,320.0,320.0,318.0,318.0,318.0,316.0,296.0
318.0,320.0,320.0,318.0,318.0,318.0,314.0,292.0
320.0,320.0,318.0,318.0,318.0,316.0,310.0,288.0
320.0,320.0,318.0,318.0,318.0,314.0,304.0,286.0
320.0,318.0,318.0,318.0,316.0,310.0,296.0,284.0
318.0,318.0,318.0,316.0,310.0,296.0,288.0,288.0
318.0,318.0,316.0,310.0,296.0,288.0,284.0,290.0
318.0,318.0,314.0,304.0,292.0,286.0,284.0,294.0
318.0,316.0,310.0,296.0,288.0,284.0,288.0,294.0
318.0,314.0,304.0,292.0,286.0,284.0,288.0,294.0
316.0,310.0,296.0,288.0,284.0,288.0,290.0,296.0
314.0,304.0,292.0,286.0,284.0,288.0,294.0,296.0
304.0,292.0,286.0,284.0,288.0,294.0,294.0,296.0
296.0,288.0,284.0,288.0,290.0,294.0,296.0,296.0
292.0,286.0,284.0,288.0,294.0,294.0,296.0,296.0
288.0,284.0,288.0,290.0,294.0,296.0,296.0,296.0
286.0,284.0,288.0,294.0,294.0,296.0,296.0,298.0
284.0,288.0,290.0,294.0,296.0,296.0,296.0,298.0
284.0,288.0,294.0,294.0,296.0,296.0,296.0,300.0
288.0,290.0,294.0,296.0,296.0,296.0,296.0,300.0
288.0,294.0,294.0,296.0,296.0,296.0,298.0,302.0
290.0,294.0,296.0,296.0,296.0,296.0,298.0,302.0
294.0,294.0,296.0,296.0,296.0,298.0,300.0,302.0
294.0,296.0,296.0,296.0,296.0,298.0,300.0,300.0
296.0,296.0,296.0,296.0,298.0,300.0,302.0,298.0
296.0,296.0,296.0,298.0,300.0,302.0,300.0,304.0
296.0,296.0,298.0,300.0,302.0,302.0,300.0,304.0
296.0,296.0,298.0,300.0,302.0,300.0,298.0,300.0
296.0,298.0,300.0,302.0,302.0,300.0,302.0,302.0
296.0,298.0,300.0,302.0,300.0,298.0,304.0,302.0
168.0,172.0,172.0,178.0,182.0,184.0,180.0,180.0
172.0,172.0,178.0,182.0,184.0,180.0,178.0,186.0
172.0,176.0,180.0,184.0,182.0,178.0,178.0,192.0
172.0,178.0,182.0,184.0,180.0,178.0,180.0,202.0
180.0,184.0,182.0,178.0,178.0,184.0,192.0,222.0
184.0,182.0,178.0,178.0,184.0,192.0,212.0,226.0
184.0,180.0,178.0,180.0,186.0,202.0,218.0,228.0
182.0,178.0,178.0,184.0,192.0,212.0,222.0,226.0
180.0,178.0,180.0,186.0,202.0,218.0,224.0,226.0
178.0,178.0,184.0,192.0,212.0,222.0,226.0,226.0
178.0,180.0,186.0,202.0,218.0,224.0,228.0,226.0
178.0,184.0,192.0,212.0,222.0,226.0,226.0,226.0
180.0,186.0,202.0,218.0,224.0,228.0,226.0,228.0
184.0,192.0,212.0,222.0,226.0,226.0,226.0,228.0
186.0,202.0,218.0,224.0,228.0,226.0,226.0,230.0
192.0,212.0,222.0,226.0,226.0,226.0,226.0,234.0
202.0,218.0,224.0,228.0,226.0,226.0,228.0,234.0
212.0,222.0,226.0,226.0,226.0,226.0,228.0,230.0
218.0,224.0,228.0,226.0,226.0,228.0,230.0,224.0
222.0,226.0,226.0,226.0,226.0,228.0,234.0,216.0
224.0,228.0,226.0,226.0,228.0,230.0,234.0,216.0
226.0,226.0,226.0,226.0,228.0,234.0,230.0,218.0
228.0,226.0,226.0,228.0,230.0,234.0,224.0,222.0
226.0,226.0,226.0,228.0,234.0,230.0,216.0,228.0
226.0,226.0,228.0,230.0,234.0,224.0,216.0,230.0
226.0,228.0,230.0,234.0,224.0,216.0,222.0,230.0
226.0,228.0,234.0,230.0,216.0,218.0,228.0,230.0
228.0,234.0,230.0,216.0,218.0,228.0,230.0,228.0
234.0,230.0,216.0,218.0,228.0,230.0,230.0,228.0
234.0,224.0,216.0,222.0,230.0,230.0,230.0,230.0
230.0,216.0,218.0,228.0,230.0,230.0,228.0,230.0
224.0,216.0,222.0,230.0,230.0,230.0,228.0,230.0
216.0,218.0,228.0,230.0,230.0,228.0,228.0,232.0
216.0,222.0,230.0,230.0,230.0,228.0,230.0,232.0
218.0,228.0,230.0,230.0,228.0,228.0,230.0,234.0
228.0,230.0,230.0,228.0,228.0,230.0,232.0,210.0
230.0,230.0,230.0,228.0,230.0,230.0,232.0,220.0
230.0,230.0,228.0,230.0,230.0,232.0,224.0,232.0
230.0,228.0,228.0,230.0,232.0,234.0,210.0,236.0
228.0,228.0,230.0,232.0,234.0,210.0,228.0,236.0
230.0,232.0,234.0,210.0,228.0,236.0,236.0,226.0
230.0,232.0,224.0,220.0,232.0,238.0,236.0,226.0
232.0,224.0,220.0,232.0,238.0,236.0,228.0,228.0
234.0,210.0,228.0,236.0,236.0,232.0,226.0,228.0
224.0,220.0,232.0,238.0,236.0,228.0,226.0,228.0
210.0,228.0,236.0,236.0,232.0,226.0,226.0,228.0
220.0,232.0,238.0,236.0,228.0,226.0,228.0,228.0
228.0,236.0,236.0,232.0,226.0,226.0,228.0,224.0
236.0,236.0,232.0,226.0,226.0,228.0,228.0,228.0
238.0,236.0,228.0,226.0,228.0,228.0,228.0,230.0
232.0,226.0,226.0,228.0,228.0,224.0,228.0,232.0
228.0,226.0,228.0,228.0,228.0,224.0,230.0,232.0
226.0,226.0,228.0,228.0,224.0,228.0,232.0,234.0
226.0,228.0,228.0,228.0,224.0,230.0,232.0,234.0
226.0,228.0,228.0,224.0,228.0,232.0,232.0,236.0
336.0,322.0,338.0,344.0,336.0,326.0,316.0,302.0
330.0,328.0,344.0,340.0,330.0,320.0,312.0,294.0
322.0,338.0,344.0,336.0,326.0,316.0,308.0,276.0
328.0,344.0,340.0,330.0,320.0,312.0,304.0,262.0
344.0,336.0,326.0,316.0,308.0,302.0,276.0,230.0
340.0,330.0,320.0,312.0,304.0,294.0,262.0,238.0
336.0,326.0,316.0,308.0,302.0,276.0,248.0,248.0
330.0,320.0,312.0,304.0,294.0,262.0,236.0,256.0
320.0,312.0,304.0,294.0,262.0,236.0,238.0,264.0
316.0,308.0,302.0,276.0,248.0,230.0,248.0,264.0
312.0,304.0,294.0,262.0,236.0,238.0,256.0,264.0
308.0,302.0,276.0,248.0,230.0,248.0,260.0,260.0
302.0,276.0,248.0,230.0,248.0,260.0,264.0,242.0
294.0,262.0,236.0,238.0,256.0,264.0,264.0,236.0
276.0,248.0,230.0,248.0,260.0,264.0,260.0,230.0
248.0,230.0,248.0,260.0,264.0,260.0,242.0,232.0
230.0,248.0,260.0,264.0,260.0,242.0,230.0,238.0
238.0,256.0,264.0,264.0,252.0,236.0,228.0,240.0
248.0,260.0,264.0,260.0,242.0,230.0,232.0,242.0
188.0,188.0,186.0,188.0,182.0,178.0,176.0,180.0
188.0,186.0,188.0,182.0,178.0,176.0,174.0,180.0
186.0,186.0,180.0,178.0,176.0,178.0,182.0,176.0
188.0,182.0,178.0,176.0,174.0,180.0,180.0,176.0
186.0,180.0,178.0,176.0,178.0,182.0,178.0,176.0
182.0,178.0,176.0,174.0,180.0,180.0,176.0,176.0
180.0,178.0,176.0,178.0,182.0,178.0,176.0,176.0
178.0,176.0,174.0,180.0,180.0,176.0,176.0,178.0
178.0,176.0,178.0,182.0,178.0,176.0,176.0,180.0
176.0,178.0,182.0,178.0,176.0,176.0,176.0,188.0
178.0,182.0,178.0,176.0,176.0,176.0,180.0,198.0
180.0,180.0,176.0,176.0,176.0,178.0,184.0,200.0
180.0,176.0,176.0,176.0,178.0,184.0,194.0,206.0
178.0,176.0,176.0,176.0,180.0,188.0,198.0,208.0
176.0,176.0,176.0,178.0,184.0,194.0,200.0,212.0
176.0,176.0,176.0,180.0,188.0,198.0,202.0,216.0
176.0,176.0,178.0,184.0,194.0,200.0,206.0,220.0
176.0,176.0,180.0,188.0,198.0,202.0,208.0,222.0
178.0,184.0,194.0,200.0,206.0,212.0,220.0,224.0
180.0,188.0,198.0,202.0,208.0,216.0,222.0,224.0
184.0,194.0,200.0,206.0,212.0,220.0,222.0,222.0
194.0,200.0,206.0,212.0,220.0,222.0,224.0,218.0
198.0,202.0,208.0,216.0,222.0,222.0,224.0,210.0
200.0,206.0,212.0,220.0,222.0,224.0,222.0,204.0
208.0,216.0,222.0,222.0,224.0,222.0,210.0,190.0
212.0,220.0,222.0,224.0,222.0,218.0,204.0,186.0
216.0,222.0,222.0,224.0,222.0,210.0,198.0,184.0
220.0,222.0,224.0,222.0,218.0,204.0,194.0,184.0
222.0,224.0,222.0,218.0,204.0,194.0,186.0,186.0
222.0,224.0,222.0,210.0,198.0,190.0,184.0,190.0
224.0,222.0,218.0,204.0,194.0,186.0,184.0,196.0
224.0,222.0,210.0,198.0,190.0,184.0,186.0,204.0
222.0,218.0,204.0,194.0,186.0,184.0,186.0,212.0
222.0,210.0,198.0,190.0,184.0,186.0,190.0,218.0
210.0,198.0,190.0,184.0,186.0,190.0,204.0,222.0
204.0,194.0,186.0,184.0,186.0,196.0,212.0,224.0
190.0,184.0,186.0,190.0,204.0,218.0,222.0,222.0
186.0,190.0,204.0,218.0,222.0,224.0,222.0,226.0
186.0,196.0,212.0,220.0,224.0,222.0,222.0,226.0
190.0,204.0,218.0,222.0,224.0,222.0,222.0,228.0
196.0,212.0,220.0,224.0,222.0,222.0,224.0,228.0
204.0,218.0,222.0,224.0,222.0,222.0,226.0,228.0
212.0,220.0,224.0,222.0,222.0,224.0,226.0,228.0
218.0,222.0,224.0,222.0,222.0,226.0,228.0,228.0
220.0,224.0,222.0,222.0,224.0,226.0,228.0,228.0
224.0,222.0,222.0,224.0,226.0,228.0,228.0,226.0
224.0,222.0,222.0,226.0,228.0,228.0,228.0,224.0
222.0,222.0,224.0,226.0,228.0,228.0,228.0,222.0
222.0,222.0,226.0,228.0,228.0,228.0,226.0,218.0
222.0,224.0,226.0,228.0,228.0,228.0,226.0,216.0
222.0,226.0,228.0,228.0,228.0,226.0,224.0,212.0
224.0,226.0,228.0,228.0,228.0,226.0,222.0,210.0
226.0,228.0,228.0,228.0,226.0,224.0,218.0,208.0
170.0,168.0,166.0,170.0,170.0,170.0,168.0,160.0
168.0,168.0,168.0,170.0,170.0,170.0,166.0,158.0
168.0,166.0,170.0,170.0,170.0,168.0,164.0,156.0
166.0,170.0,170.0,170.0,168.0,164.0,160.0,154.0
168.0,170.0,170.0,170.0,166.0,162.0,158.0,152.0
170.0,170.0,170.0,168.0,164.0,160.0,156.0,150.0
170.0,170.0,170.0,166.0,162.0,158.0,154.0,150.0
170.0,170.0,168.0,164.0,160.0,156.0,154.0,148.0
170.0,170.0,166.0,162.0,158.0,154.0,152.0,146.0
170.0,168.0,164.0,160.0,156.0,154.0,150.0,144.0
168.0,164.0,160.0,156.0,154.0,150.0,148.0,140.0
164.0,160.0,156.0,154.0,150.0,148.0,144.0,138.0
160.0,156.0,154.0,150.0,148.0,144.0,140.0,136.0
158.0,154.0,152.0,150.0,146.0,142.0,138.0,136.0
156.0,154.0,150.0,148.0,144.0,140.0,138.0,136.0
154.0,152.0,150.0,146.0,142.0,138.0,136.0,138.0
150.0,148.0,144.0,140.0,138.0,136.0,136.0,138.0
150.0,146.0,142.0,138.0,136.0,136.0,138.0,138.0
148.0,144.0,140.0,138.0,136.0,136.0,138.0,140.0
146.0,142.0,138.0,136.0,136.0,138.0,138.0,142.0
144.0,140.0,138.0,136.0,136.0,138.0,138.0,142.0
142.0,138.0,136.0,136.0,138.0,138.0,138.0,144.0
140.0,138.0,136.0,136.0,138.0,138.0,140.0,146.0
138.0,136.0,136.0,138.0,138.0,140.0,142.0,148.0
136.0,136.0,138.0,138.0,140.0,142.0,146.0,152.0
136.0,138.0,138.0,138.0,142.0,144.0,148.0,154.0
136.0,138.0,138.0,140.0,142.0,146.0,148.0,156.0
138.0,138.0,138.0,142.0,144.0,148.0,150.0,156.0
138.0,138.0,140.0,142.0,146.0,148.0,152.0,154.0
138.0,138.0,142.0,144.0,148.0,150.0,154.0,154.0
138.0,140.0,142.0,146.0,148.0,152.0,156.0,154.0
138.0,142.0,144.0,148.0,150.0,154.0,156.0,156.0
140.0,142.0,146.0,148.0,152.0,156.0,154.0,158.0
142.0,144.0,148.0,150.0,154.0,156.0,154.0,158.0
142.0,146.0,148.0,152.0,156.0,154.0,154.0,160.0
144.0,148.0,150.0,154.0,156.0,154.0,156.0,162.0
146.0,148.0,152.0,156.0,154.0,154.0,158.0,162.0
148.0,150.0,154.0,156.0,154.0,156.0,158.0,160.0
148.0,152.0,156.0,154.0,154.0,158.0,160.0,160.0
150.0,154.0,156.0,154.0,156.0,158.0,162.0,160.0
154.0,156.0,154.0,156.0,158.0,162.0,160.0,158.0
156.0,154.0,154.0,158.0,160.0,162.0,160.0,158.0
156.0,154.0,156.0,158.0,162.0,160.0,160.0,156.0
154.0,156.0,158.0,162.0,160.0,160.0,158.0,154.0
154.0,158.0,160.0,162.0,160.0,160.0,158.0,152.0
156.0,158.0,162.0,160.0,160.0,158.0,156.0,150.0
158.0,160.0,162.0,160.0,160.0,158.0,156.0,150.0
158.0,162.0,160.0,160.0,158.0,156.0,154.0,150.0
160.0,162.0,160.0,160.0,158.0,156.0,152.0,150.0
162.0,160.0,160.0,158.0,156.0,154.0,150.0,150.0
162.0,160.0,160.0,158.0,156.0,152.0,150.0,150.0
160.0,160.0,158.0,156.0,154.0,150.0,150.0,150.0
160.0,158.0,156.0,152.0,150.0,150.0,150.0,150.0
158.0,156.0,154.0,150.0,150.0,150.0,150.0,150.0
156.0,154.0,150.0,150.0,150.0,150.0,150.0,146.0
156.0,152.0,150.0,150.0,150.0,150.0,150.0,142.0
152.0,150.0,150.0,150.0,150.0,150.0,148.0,138.0
78.0,86.0,94.0,102.0,110.0,116.0,122.0,134.0
82.0,90.0,98.0,106.0,114.0,120.0,126.0,136.0
86.0,94.0,102.0,110.0,116.0,122.0,128.0,136.0
90.0,98.0,106.0,114.0,120.0,126.0,132.0,136.0
98.0,106.0,114.0,120.0,126.0,132.0,136.0,140.0
106.0,114.0,120.0,126.0,132.0,136.0,136.0,148.0
114.0,120.0,126.0,132.0,136.0,136.0,140.0,156.0
116.0,122.0,128.0,134.0,136.0,138.0,144.0,160.0
120.0,126.0,132.0,136.0,136.0,140.0,148.0,166.0
122.0,128.0,134.0,136.0,138.0,144.0,152.0,170.0
134.0,136.0,138.0,144.0,152.0,160.0,170.0,182.0
136.0,140.0,148.0,156.0,166.0,174.0,178.0,184.0
138.0,144.0,152.0,160.0,170.0,176.0,182.0,190.0
148.0,156.0,166.0,174.0,178.0,182.0,184.0,214.0
152.0,160.0,170.0,176.0,182.0,182.0,190.0,220.0
156.0,166.0,174.0,178.0,182.0,184.0,198.0,224.0
174.0,178.0,182.0,184.0,198.0,214.0,224.0,244.0
178.0,182.0,184.0,198.0,214.0,224.0,234.0,248.0
182.0,184.0,198.0,214.0,224.0,234.0,244.0,228.0
182.0,190.0,206.0,220.0,230.0,238.0,250.0,230.0
198.0,214.0,224.0,234.0,244.0,248.0,228.0,252.0
206.0,220.0,230.0,238.0,250.0,236.0,230.0,260.0
214.0,224.0,234.0,244.0,248.0,228.0,236.0,266.0
220.0,230.0,238.0,250.0,236.0,230.0,244.0,272.0
224.0,234.0,244.0,248.0,228.0,236.0,252.0,274.0
234.0,244.0,248.0,228.0,236.0,252.0,266.0,280.0
238.0,250.0,236.0,230.0,244.0,260.0,272.0,282.0
244.0,248.0,228.0,236.0,252.0,266.0,274.0,286.0
250.0,236.0,230.0,244.0,260.0,272.0,278.0,290.0
248.0,228.0,236.0,252.0,266.0,274.0,280.0,292.0
236.0,230.0,244.0,260.0,272.0,278.0,282.0,296.0
228.0,236.0,252.0,266.0,274.0,280.0,286.0,298.0
230.0,244.0,260.0,272.0,278.0,282.0,290.0,300.0
252.0,266.0,274.0,280.0,286.0,292.0,298.0,304.0
260.0,272.0,278.0,282.0,290.0,296.0,300.0,304.0
272.0,278.0,282.0,290.0,296.0,300.0,304.0,306.0
278.0,282.0,290.0,296.0,300.0,304.0,304.0,310.0
280.0,286.0,292.0,298.0,302.0,304.0,306.0,314.0
286.0,292.0,298.0,302.0,304.0,306.0,308.0,318.0
290.0,296.0,300.0,304.0,304.0,306.0,310.0,320.0
296.0,300.0,304.0,304.0,306.0,310.0,316.0,322.0
298.0,302.0,304.0,306.0,308.0,314.0,318.0,322.0
304.0,304.0,306.0,310.0,316.0,320.0,322.0,322.0
304.0,306.0,310.0,316.0,320.0,322.0,320.0,332.0
56.0,54.0,52.0,62.0,60.0,58.0,58.0,80.0
54.0,52.0,56.0,62.0,58.0,58.0,60.0,80.0
54.0,52.0,62.0,60.0,58.0,58.0,70.0,80.0
52.0,56.0,62.0,58.0,58.0,60.0,78.0,86.0
56.0,62.0,58.0,58.0,60.0,78.0,80.0,80.0
62.0,60.0,58.0,58.0,70.0,80.0,80.0,74.0
62.0,58.0,58.0,60.0,78.0,80.0,86.0,90.0
60.0,58.0,58.0,70.0,80.0,80.0,84.0,108.0
58.0,58.0,60.0,78.0,80.0,86.0,80.0,118.0
58.0,60.0,78.0,80.0,86.0,80.0,90.0,114.0
58.0,70.0,80.0,80.0,84.0,74.0,108.0,110.0
60.0,78.0,80.0,86.0,80.0,90.0,118.0,104.0
70.0,80.0,80.0,84.0,74.0,108.0,118.0,98.0
78.0,80.0,86.0,80.0,90.0,118.0,114.0,94.0
80.0,86.0,80.0,90.0,118.0,114.0,104.0,86.0
86.0,80.0,90.0,118.0,114.0,104.0,94.0,80.0
84.0,74.0,108.0,118.0,110.0,98.0,90.0,78.0
80.0,90.0,118.0,114.0,104.0,94.0,86.0,76.0
90.0,118.0,114.0,104.0,94.0,86.0,80.0,76.0
108.0,118.0,110.0,98.0,90.0,84.0,78.0,78.0
118.0,114.0,104.0,94.0,86.0,80.0,76.0,86.0
118.0,110.0,98.0,90.0,84.0,78.0,76.0,98.0
114.0,104.0,94.0,86.0,80.0,76.0,76.0,110.0
110.0,98.0,90.0,84.0,78.0,76.0,78.0,116.0
104.0,94.0,86.0,80.0,76.0,76.0,86.0,120.0
98.0,90.0,84.0,78.0,76.0,78.0,98.0,122.0
94.0,86.0,80.0,76.0,76.0,86.0,110.0,124.0
86.0,80.0,76.0,76.0,86.0,110.0,120.0,126.0
84.0,78.0,76.0,78.0,98.0,116.0,122.0,126.0
80.0,76.0,76.0,86.0,110.0,120.0,124.0,134.0
78.0,76.0,78.0,98.0,116.0,122.0,124.0,152.0
76.0,76.0,86.0,110.0,120.0,124.0,126.0,160.0
76.0,78.0,98.0,116.0,122.0,124.0,126.0,162.0
76.0,86.0,110.0,120.0,124.0,126.0,134.0,160.0
78.0,98.0,116.0,122.0,124.0,126.0,152.0,158.0
86.0,110.0,120.0,124.0,126.0,134.0,160.0,164.0
98.0,116.0,122.0,124.0,126.0,152.0,162.0,172.0
110.0,120.0,124.0,126.0,134.0,160.0,160.0,172.0
86.0,96.0,106.0,110.0,112.0,110.0,108.0,102.0
90.0,100.0,108.0,112.0,112.0,110.0,108.0,102.0
96.0,106.0,110.0,112.0,110.0,108.0,106.0,100.0
100.0,108.0,112.0,112.0,110.0,108.0,104.0,100.0
106.0,110.0,112.0,110.0,108.0,106.0,102.0,98.0
108.0,112.0,112.0,110.0,108.0,104.0,102.0,98.0
110.0,112.0,110.0,108.0,106.0,102.0,100.0,98.0
112.0,112.0,110.0,108.0,104.0,102.0,100.0,96.0
112.0,110.0,108.0,106.0,102.0,100.0,98.0,96.0
112.0,110.0,108.0,104.0,102.0,100.0,98.0,94.0
110.0,108.0,104.0,102.0,100.0,98.0,96.0,94.0
108.0,106.0,102.0,100.0,98.0,98.0,96.0,94.0
108.0,104.0,102.0,100.0,98.0,96.0,94.0,92.0
106.0,102.0,100.0,98.0,98.0,96.0,94.0,92.0
104.0,102.0,100.0,98.0,96.0,94.0,94.0,90.0
102.0,100.0,98.0,98.0,96.0,94.0,94.0,90.0
102.0,100.0,98.0,96.0,94.0,94.0,92.0,88.0
100.0,98.0,98.0,96.0,94.0,94.0,92.0,88.0
100.0,98.0,96.0,94.0,94.0,92.0,90.0,86.0
98.0,98.0,96.0,94.0,94.0,92.0,90.0,84.0
98.0,96.0,94.0,94.0,92.0,90.0,88.0,82.0
98.0,96.0,94.0,94.0,92.0,90.0,88.0,82.0
96.0,94.0,94.0,92.0,90.0,88.0,86.0,80.0
96.0,94.0,94.0,92.0,90.0,88.0,84.0,78.0
94.0,94.0,92.0,90.0,88.0,86.0,82.0,76.0
94.0,94.0,92.0,90.0,88.0,84.0,82.0,76.0
94.0,92.0,90.0,88.0,84.0,82.0,78.0,76.0
92.0,90.0,88.0,86.0,82.0,80.0,76.0,78.0
92.0,90.0,88.0,84.0,82.0,78.0,76.0,80.0
90.0,88.0,84.0,82.0,78.0,76.0,76.0,82.0
88.0,86.0,82.0,80.0,76.0,76.0,78.0,84.0
88.0,84.0,82.0,78.0,76.0,76.0,80.0,84.0
86.0,82.0,80.0,76.0,76.0,78.0,82.0,84.0
84.0,82.0,78.0,76.0,76.0,80.0,82.0,84.0
82.0,80.0,76.0,76.0,78.0,82.0,84.0,84.0
78.0,76.0,76.0,80.0,82.0,84.0,84.0,80.0
76.0,76.0,78.0,82.0,84.0,84.0,84.0,80.0
76.0,78.0,82.0,84.0,84.0,84.0,82.0,78.0
80.0,82.0,84.0,84.0,84.0,80.0,78.0,76.0
82.0,84.0,84.0,84.0,82.0,80.0,78.0,76.0
82.0,84.0,84.0,84.0,80.0,78.0,76.0,76.0
84.0,84.0,84.0,80.0,78.0,76.0,76.0,76.0
84.0,82.0,80.0,78.0,76.0,76.0,76.0,76.0
84.0,80.0,78.0,76.0,76.0,76.0,76.0,76.0
82.0,80.0,78.0,76.0,76.0,76.0,76.0,74.0
80.0,78.0,76.0,76.0,76.0,76.0,78.0,72.0
80.0,78.0,76.0,76.0,76.0,76.0,76.0,72.0
78.0,76.0,76.0,76.0,76.0,76.0,74.0,70.0
76.0,76.0,76.0,76.0,78.0,76.0,72.0,72.0
76.0,76.0,76.0,76.0,76.0,74.0,72.0,72.0
76.0,76.0,76.0,78.0,76.0,72.0,70.0,72.0
76.0,76.0,78.0,76.0,72.0,70.0,72.0,70.0
76.0,76.0,76.0,74.0,72.0,70.0,72.0,70.0
76.0,78.0,76.0,72.0,70.0,72.0,72.0,70.0
76.0,76.0,74.0,72.0,70.0,72.0,72.0,70.0
78.0,76.0,72.0,70.0,72.0,72.0,70.0,70.0
76.0,74.0,72.0,70.0,72.0,72.0,70.0,70.0
74.0,72.0,70.0,72.0,72.0,70.0,70.0,70.0
70.0,70.0,72.0,74.0,74.0,76.0,72.0,56.0
70.0,72.0,74.0,74.0,76.0,76.0,68.0,54.0
70.0,72.0,74.0,74.0,76.0,72.0,64.0,54.0
72.0,74.0,74.0,76.0,76.0,68.0,60.0,56.0
72.0,74.0,74.0,76.0,72.0,64.0,56.0,62.0
74.0,74.0,76.0,76.0,68.0,60.0,54.0,66.0
74.0,74.0,76.0,72.0,64.0,56.0,54.0,70.0
74.0,76.0,76.0,68.0,60.0,54.0,56.0,74.0
74.0,76.0,72.0,64.0,56.0,54.0,62.0,80.0
76.0,76.0,68.0,60.0,54.0,56.0,66.0,86.0
76.0,68.0,60.0,54.0,56.0,66.0,74.0,92.0
68.0,60.0,54.0,56.0,66.0,74.0,86.0,82.0
54.0,62.0,70.0,80.0,90.0,88.0,80.0,92.0
62.0,70.0,80.0,90.0,88.0,80.0,86.0,100.0
66.0,74.0,86.0,92.0,82.0,82.0,88.0,104.0
70.0,80.0,90.0,88.0,80.0,86.0,92.0,108.0
80.0,90.0,88.0,80.0,86.0,92.0,100.0,114.0
86.0,92.0,82.0,82.0,88.0,96.0,104.0,116.0
90.0,88.0,80.0,86.0,92.0,100.0,108.0,120.0
92.0,82.0,82.0,88.0,96.0,104.0,114.0,126.0
88.0,80.0,86.0,92.0,100.0,108.0,114.0,132.0
82.0,82.0,88.0,96.0,104.0,114.0,116.0,132.0
80.0,86.0,92.0,100.0,108.0,114.0,120.0,128.0
82.0,88.0,96.0,104.0,114.0,116.0,126.0,130.0
86.0,92.0,100.0,108.0,114.0,120.0,132.0,134.0
88.0,96.0,104.0,114.0,116.0,126.0,132.0,138.0
96.0,104.0,114.0,116.0,126.0,132.0,130.0,142.0
100.0,108.0,114.0,120.0,132.0,128.0,134.0,142.0
104.0,114.0,116.0,126.0,132.0,130.0,138.0,142.0
108.0,114.0,120.0,132.0,128.0,134.0,140.0,142.0
114.0,116.0,126.0,132.0,130.0,138.0,142.0,142.0
114.0,120.0,132.0,128.0,134.0,140.0,142.0,146.0
116.0,126.0,132.0,130.0,138.0,142.0,142.0,158.0
120.0,132.0,128.0,134.0,140.0,142.0,142.0,168.0
132.0,128.0,134.0,140.0,142.0,142.0,146.0,176.0
132.0,130.0,138.0,142.0,142.0,142.0,158.0,174.0
128.0,134.0,140.0,142.0,142.0,146.0,168.0,172.0
130.0,138.0,142.0,142.0,142.0,158.0,174.0,166.0
142.0,142.0,142.0,158.0,174.0,174.0,166.0,150.0
142.0,142.0,146.0,168.0,176.0,172.0,154.0,152.0
142.0,142.0,158.0,174.0,174.0,166.0,148.0,154.0
146.0,168.0,176.0,172.0,154.0,150.0,152.0,168.0
158.0,174.0,174.0,166.0,148.0,150.0,154.0,168.0
168.0,176.0,172.0,154.0,150.0,152.0,158.0,168.0
174.0,174.0,166.0,148.0,150.0,154.0,164.0,166.0
176.0,172.0,154.0,150.0,152.0,158.0,168.0,160.0
174.0,166.0,148.0,150.0,154.0,164.0,168.0,146.0
148.0,150.0,154.0,164.0,168.0,166.0,146.0,140.0
150.0,152.0,158.0,168.0,168.0,160.0,120.0,158.0
150.0,154.0,164.0,168.0,166.0,146.0,108.0,166.0
152.0,158.0,168.0,168.0,160.0,120.0,118.0,168.0
154.0,164.0,168.0,166.0,146.0,108.0,140.0,168.0
158.0,168.0,168.0,160.0,120.0,118.0,158.0,166.0
164.0,168.0,166.0,146.0,108.0,140.0,166.0,162.0
276.0,266.0,262.0,258.0,246.0,236.0,226.0,210.0
272.0,264.0,260.0,252.0,242.0,232.0,222.0,206.0
266.0,262.0,258.0,246.0,236.0,226.0,218.0,204.0
264.0,260.0,252.0,242.0,232.0,222.0,214.0,202.0
262.0,258.0,246.0,236.0,226.0,218.0,210.0,198.0
260.0,252.0,242.0,232.0,222.0,214.0,206.0,196.0
258.0,246.0,236.0,226.0,218.0,210.0,204.0,192.0
242.0,232.0,222.0,214.0,206.0,202.0,196.0,184.0
236.0,226.0,218.0,210.0,204.0,198.0,192.0,182.0
232.0,222.0,214.0,206.0,202.0,196.0,190.0,178.0
226.0,218.0,210.0,204.0,198.0,192.0,186.0,176.0
222.0,214.0,206.0,202.0,196.0,190.0,184.0,172.0
218.0,210.0,204.0,198.0,192.0,186.0,182.0,170.0
214.0,206.0,202.0,196.0,190.0,184.0,178.0,168.0
210.0,204.0,198.0,192.0,186.0,182.0,176.0,168.0
204.0,198.0,192.0,186.0,182.0,176.0,170.0,168.0
202.0,196.0,190.0,184.0,178.0,172.0,168.0,168.0
198.0,192.0,186.0,182.0,176.0,170.0,168.0,170.0
196.0,190.0,184.0,178.0,172.0,168.0,168.0,168.0
192.0,186.0,182.0,176.0,170.0,168.0,168.0,168.0
190.0,184.0,178.0,172.0,168.0,168.0,168.0,164.0
184.0,178.0,172.0,168.0,168.0,168.0,168.0,156.0
182.0,176.0,170.0,168.0,168.0,170.0,168.0,152.0
178.0,172.0,168.0,168.0,168.0,168.0,164.0,150.0
176.0,170.0,168.0,168.0,170.0,168.0,160.0,146.0
172.0,168.0,168.0,168.0,168.0,164.0,156.0,144.0
168.0,168.0,168.0,168.0,164.0,156.0,150.0,142.0
168.0,168.0,170.0,168.0,160.0,152.0,146.0,142.0
168.0,168.0,168.0,164.0,156.0,150.0,144.0,142.0
168.0,164.0,156.0,150.0,144.0,142.0,142.0,136.0
164.0,156.0,150.0,144.0,142.0,142.0,140.0,132.0
156.0,150.0,144.0,142.0,142.0,140.0,136.0,132.0
152.0,146.0,142.0,142.0,142.0,138.0,134.0,132.0
150.0,144.0,142.0,142.0,140.0,136.0,132.0,130.0
146.0,142.0,142.0,142.0,138.0,134.0,132.0,130.0
144.0,142.0,142.0,140.0,136.0,132.0,132.0,132.0
142.0,142.0,140.0,136.0,132.0,132.0,130.0,134.0
142.0,142.0,138.0,134.0,132.0,132.0,130.0,136.0
142.0,140.0,136.0,132.0,132.0,130.0,132.0,138.0
140.0,136.0,132.0,132.0,130.0,132.0,134.0,142.0
138.0,134.0,132.0,132.0,130.0,134.0,136.0,142.0
136.0,132.0,132.0,130.0,132.0,134.0,138.0,144.0
134.0,132.0,132.0,130.0,134.0,136.0,142.0,142.0
132.0,132.0,130.0,132.0,134.0,138.0,142.0,142.0
132.0,130.0,132.0,134.0,138.0,142.0,144.0,144.0
132.0,130.0,134.0,136.0,142.0,142.0,142.0,144.0
130.0,132.0,134.0,138.0,142.0,144.0,142.0,142.0
130.0,134.0,136.0,142.0,142.0,142.0,144.0,142.0
136.0,142.0,142.0,142.0,144.0,144.0,142.0,144.0
138.0,142.0,144.0,142.0,144.0,142.0,142.0,144.0
142.0,142.0,142.0,144.0,144.0,142.0,142.0,144.0
142.0,144.0,142.0,144.0,142.0,142.0,142.0,144.0
142.0,142.0,144.0,144.0,142.0,142.0,144.0,142.0
144.0,142.0,144.0,142.0,142.0,142.0,144.0,142.0
142.0,144.0,144.0,142.0,142.0,144.0,144.0,144.0
142.0,144.0,142.0,142.0,142.0,144.0,144.0,146.0
110.0,118.0,120.0,116.0,110.0,106.0,110.0,124.0
118.0,120.0,116.0,110.0,106.0,110.0,116.0,134.0
120.0,118.0,114.0,108.0,108.0,112.0,120.0,142.0
120.0,116.0,110.0,106.0,110.0,116.0,124.0,150.0
118.0,114.0,108.0,108.0,112.0,120.0,128.0,156.0
116.0,110.0,106.0,110.0,116.0,124.0,134.0,162.0
114.0,108.0,108.0,112.0,120.0,128.0,142.0,166.0
110.0,106.0,110.0,116.0,124.0,134.0,150.0,170.0
108.0,108.0,112.0,120.0,128.0,142.0,156.0,172.0
110.0,116.0,124.0,134.0,150.0,162.0,170.0,184.0
120.0,128.0,142.0,156.0,166.0,172.0,178.0,192.0
124.0,134.0,150.0,162.0,170.0,176.0,184.0,194.0
128.0,142.0,156.0,166.0,172.0,178.0,188.0,194.0
134.0,150.0,162.0,170.0,176.0,184.0,190.0,194.0
142.0,156.0,166.0,172.0,178.0,188.0,192.0,194.0
150.0,162.0,170.0,176.0,184.0,190.0,194.0,196.0
156.0,166.0,172.0,178.0,188.0,192.0,194.0,196.0
170.0,176.0,184.0,190.0,194.0,194.0,196.0,196.0
172.0,178.0,188.0,192.0,194.0,194.0,196.0,196.0
176.0,184.0,190.0,194.0,194.0,196.0,198.0,194.0
178.0,188.0,192.0,194.0,194.0,196.0,198.0,194.0
184.0,190.0,194.0,194.0,196.0,198.0,196.0,192.0
194.0,194.0,196.0,198.0,196.0,194.0,192.0,186.0
194.0,194.0,196.0,198.0,196.0,194.0,190.0,184.0
194.0,196.0,198.0,196.0,194.0,192.0,188.0,182.0
194.0,196.0,198.0,196.0,194.0,190.0,186.0,180.0
196.0,198.0,196.0,194.0,192.0,188.0,186.0,180.0
196.0,198.0,196.0,194.0,190.0,186.0,184.0,178.0
198.0,196.0,194.0,192.0,188.0,186.0,182.0,178.0
196.0,194.0,192.0,188.0,186.0,182.0,180.0,176.0
194.0,190.0,186.0,184.0,180.0,178.0,176.0,172.0
192.0,188.0,186.0,182.0,180.0,178.0,176.0,170.0
186.0,184.0,180.0,178.0,176.0,174.0,172.0,164.0
186.0,182.0,180.0,178.0,176.0,172.0,170.0,162.0
184.0,180.0,178.0,176.0,174.0,172.0,168.0,158.0
182.0,180.0,178.0,176.0,172.0,170.0,166.0,154.0
180.0,178.0,176.0,174.0,172.0,168.0,164.0,150.0
180.0,178.0,176.0,172.0,170.0,166.0,162.0,148.0
178.0,176.0,174.0,172.0,168.0,164.0,158.0,146.0
178.0,176.0,172.0,170.0,166.0,162.0,154.0,144.0
176.0,174.0,172.0,168.0,164.0,158.0,150.0,140.0
174.0,172.0,168.0,164.0,158.0,150.0,146.0,134.0
172.0,170.0,166.0,162.0,154.0,148.0,144.0,132.0
172.0,168.0,164.0,158.0,150.0,146.0,140.0,128.0
170.0,166.0,162.0,154.0,148.0,144.0,136.0,126.0
164.0,158.0,150.0,146.0,140.0,134.0,128.0,118.0
162.0,154.0,148.0,144.0,136.0,132.0,126.0,116.0
158.0,150.0,146.0,140.0,134.0,128.0,122.0,114.0
154.0,148.0,144.0,136.0,132.0,126.0,120.0,114.0
150.0,146.0,140.0,134.0,128.0,122.0,118.0,110.0
148.0,144.0,136.0,132.0,126.0,120.0,116.0,108.0
146.0,140.0,134.0,128.0,122.0,118.0,114.0,108.0
144.0,136.0,132.0,126.0,120.0,116.0,114.0,108.0
170.0,162.0,156.0,152.0,148.0,146.0,148.0,154.0
166.0,160.0,154.0,150.0,148.0,148.0,150.0,156.0
160.0,154.0,150.0,148.0,148.0,150.0,152.0,156.0
156.0,152.0,148.0,146.0,148.0,152.0,154.0,154.0
154.0,150.0,148.0,148.0,150.0,152.0,156.0,152.0
152.0,148.0,146.0,148.0,152.0,154.0,156.0,148.0
150.0,148.0,148.0,150.0,152.0,156.0,156.0,146.0
148.0,146.0,148.0,152.0,154.0,156.0,154.0,142.0
148.0,148.0,150.0,152.0,156.0,156.0,152.0,140.0
148.0,152.0,154.0,156.0,154.0,148.0,142.0,130.0
150.0,152.0,156.0,156.0,152.0,146.0,140.0,126.0
152.0,156.0,156.0,152.0,146.0,140.0,132.0,124.0
154.0,156.0,154.0,148.0,142.0,136.0,130.0,122.0
156.0,154.0,148.0,142.0,136.0,130.0,124.0,120.0
156.0,152.0,146.0,140.0,132.0,126.0,124.0,122.0
154.0,148.0,142.0,136.0,130.0,124.0,122.0,122.0
152.0,146.0,140.0,132.0,126.0,124.0,120.0,122.0
148.0,142.0,136.0,130.0,124.0,122.0,120.0,124.0
146.0,140.0,132.0,126.0,124.0,120.0,122.0,124.0
142.0,136.0,130.0,124.0,122.0,120.0,122.0,122.0
140.0,132.0,126.0,124.0,120.0,122.0,122.0,122.0
132.0,126.0,124.0,120.0,122.0,122.0,124.0,120.0
130.0,124.0,122.0,120.0,122.0,124.0,122.0,120.0
126.0,124.0,120.0,122.0,122.0,124.0,122.0,118.0
124.0,122.0,120.0,122.0,124.0,122.0,120.0,118.0
124.0,120.0,122.0,122.0,124.0,122.0,120.0,116.0
122.0,120.0,122.0,124.0,122.0,120.0,120.0,116.0
120.0,122.0,122.0,124.0,122.0,120.0,118.0,114.0
120.0,122.0,124.0,122.0,120.0,120.0,118.0,112.0
122.0,122.0,124.0,122.0,120.0,118.0,116.0,112.0
122.0,124.0,122.0,120.0,118.0,116.0,114.0,108.0
124.0,122.0,120.0,118.0,116.0,114.0,112.0,104.0
170.0,174.0,184.0,192.0,200.0,206.0,210.0,220.0
172.0,178.0,188.0,196.0,204.0,208.0,214.0,222.0
174.0,184.0,192.0,200.0,206.0,210.0,216.0,224.0
178.0,188.0,196.0,204.0,208.0,214.0,218.0,226.0
184.0,192.0,200.0,206.0,210.0,216.0,220.0,228.0
188.0,196.0,204.0,208.0,214.0,218.0,222.0,230.0
196.0,204.0,208.0,214.0,218.0,222.0,226.0,232.0
200.0,206.0,210.0,216.0,220.0,224.0,228.0,234.0
204.0,208.0,214.0,218.0,222.0,226.0,230.0,234.0
206.0,210.0,216.0,220.0,224.0,228.0,232.0,234.0
208.0,214.0,218.0,222.0,226.0,230.0,232.0,232.0
214.0,218.0,222.0,226.0,230.0,232.0,234.0,232.0
216.0,220.0,224.0,228.0,232.0,234.0,234.0,234.0
218.0,222.0,226.0,230.0,232.0,234.0,232.0,234.0
220.0,224.0,228.0,232.0,234.0,234.0,232.0,236.0
222.0,226.0,230.0,232.0,234.0,232.0,232.0,236.0
224.0,228.0,232.0,234.0,234.0,232.0,234.0,236.0
228.0,232.0,234.0,234.0,232.0,234.0,236.0,236.0
230.0,232.0,234.0,232.0,232.0,234.0,236.0,236.0
232.0,234.0,234.0,232.0,234.0,236.0,236.0,236.0
232.0,234.0,232.0,232.0,234.0,236.0,236.0,238.0
234.0,234.0,232.0,234.0,236.0,236.0,236.0,240.0
234.0,232.0,234.0,236.0,236.0,236.0,236.0,240.0
232.0,232.0,234.0,236.0,236.0,236.0,238.0,240.0
232.0,234.0,236.0,236.0,236.0,236.0,240.0,240.0
234.0,236.0,236.0,236.0,238.0,240.0,240.0,236.0
236.0,236.0,236.0,236.0,240.0,240.0,240.0,236.0
236.0,236.0,236.0,238.0,240.0,240.0,238.0,236.0
236.0,236.0,236.0,240.0,240.0,240.0,236.0,238.0
236.0,240.0,240.0,240.0,236.0,236.0,238.0,234.0
238.0,240.0,240.0,238.0,236.0,236.0,238.0,236.0
240.0,240.0,240.0,236.0,236.0,238.0,238.0,236.0
240.0,240.0,238.0,236.0,236.0,238.0,236.0,330.0
238.0,236.0,236.0,238.0,236.0,236.0,330.0,318.0
236.0,236.0,238.0,236.0,236.0,330.0,322.0,306.0
236.0,238.0,238.0,234.0,236.0,324.0,320.0,302.0
236.0,238.0,236.0,236.0,330.0,322.0,318.0,296.0
238.0,238.0,234.0,236.0,324.0,320.0,312.0,290.0
238.0,236.0,236.0,330.0,322.0,318.0,306.0,284.0
238.0,234.0,236.0,324.0,320.0,312.0,302.0,278.0
236.0,236.0,330.0,322.0,318.0,306.0,296.0,272.0
234.0,236.0,324.0,320.0,312.0,302.0,290.0,266.0
236.0,330.0,322.0,318.0,306.0,296.0,284.0,260.0
330.0,322.0,318.0,306.0,296.0,284.0,272.0,244.0
324.0,320.0,312.0,302.0,290.0,278.0,266.0,236.0
322.0,318.0,306.0,296.0,284.0,272.0,260.0,226.0
320.0,312.0,302.0,290.0,278.0,266.0,252.0,218.0
318.0,306.0,296.0,284.0,272.0,260.0,244.0,206.0
312.0,302.0,290.0,278.0,266.0,252.0,236.0,198.0
306.0,296.0,284.0,272.0,260.0,244.0,226.0,190.0
290.0,278.0,266.0,252.0,236.0,218.0,198.0,168.0
284.0,272.0,260.0,244.0,226.0,206.0,190.0,160.0
278.0,266.0,252.0,236.0,218.0,198.0,182.0,150.0
266.0,252.0,236.0,218.0,198.0,182.0,168.0,134.0
260.0,244.0,226.0,206.0,190.0,176.0,160.0,128.0
192.0,200.0,202.0,204.0,200.0,194.0,190.0,190.0
196.0,202.0,204.0,202.0,198.0,192.0,190.0,190.0
200.0,202.0,204.0,200.0,194.0,190.0,190.0,190.0
202.0,204.0,200.0,194.0,190.0,190.0,190.0,190.0
204.0,202.0,198.0,192.0,190.0,190.0,190.0,190.0
204.0,200.0,194.0,190.0,190.0,190.0,190.0,190.0
200.0,194.0,190.0,190.0,190.0,190.0,190.0,190.0
198.0,192.0,190.0,190.0,190.0,190.0,190.0,192.0
194.0,190.0,190.0,190.0,190.0,190.0,190.0,192.0
192.0,190.0,190.0,190.0,190.0,190.0,190.0,192.0
190.0,190.0,190.0,190.0,190.0,190.0,190.0,192.0
190.0,190.0,190.0,190.0,190.0,190.0,192.0,194.0
190.0,190.0,190.0,190.0,190.0,192.0,192.0,196.0
190.0,190.0,190.0,190.0,190.0,192.0,192.0,198.0
190.0,190.0,190.0,190.0,192.0,192.0,194.0,200.0
190.0,190.0,190.0,192.0,192.0,192.0,196.0,200.0
190.0,190.0,192.0,192.0,192.0,196.0,198.0,202.0
190.0,190.0,192.0,192.0,194.0,198.0,200.0,202.0
190.0,192.0,192.0,194.0,198.0,200.0,200.0,204.0
192.0,192.0,192.0,196.0,198.0,200.0,202.0,204.0
192.0,192.0,194.0,198.0,200.0,200.0,202.0,206.0
192.0,192.0,196.0,198.0,200.0,202.0,202.0,206.0
192.0,194.0,198.0,200.0,200.0,202.0,204.0,206.0
192.0,196.0,198.0,200.0,202.0,202.0,204.0,208.0
194.0,198.0,200.0,200.0,202.0,204.0,206.0,208.0
198.0,200.0,200.0,202.0,204.0,206.0,206.0,210.0
198.0,200.0,202.0,202.0,204.0,206.0,208.0,208.0
200.0,200.0,202.0,204.0,206.0,206.0,208.0,208.0
200.0,202.0,202.0,204.0,206.0,208.0,208.0,208.0
200.0,202.0,204.0,206.0,206.0,208.0,210.0,208.0
202.0,202.0,204.0,206.0,208.0,208.0,208.0,206.0
202.0,204.0,206.0,206.0,208.0,210.0,208.0,206.0
202.0,204.0,206.0,208.0,208.0,208.0,208.0,206.0
204.0,206.0,206.0,208.0,210.0,208.0,208.0,204.0
204.0,206.0,208.0,208.0,208.0,208.0,206.0,204.0
206.0,206.0,208.0,210.0,208.0,208.0,206.0,202.0
206.0,208.0,208.0,208.0,208.0,206.0,206.0,202.0
206.0,208.0,210.0,208.0,208.0,206.0,204.0,200.0
208.0,208.0,208.0,208.0,206.0,206.0,204.0,200.0
208.0,210.0,208.0,208.0,206.0,204.0,202.0,200.0
208.0,208.0,208.0,206.0,206.0,204.0,202.0,200.0
210.0,208.0,208.0,206.0,204.0,202.0,200.0,200.0
208.0,208.0,206.0,206.0,204.0,202.0,200.0,200.0
208.0,208.0,206.0,204.0,202.0,200.0,200.0,200.0
208.0,206.0,206.0,204.0,202.0,200.0,200.0,198.0
208.0,206.0,204.0,202.0,200.0,200.0,200.0,198.0
206.0,206.0,204.0,202.0,200.0,200.0,200.0,198.0
206.0,204.0,202.0,200.0,200.0,200.0,200.0,198.0
206.0,204.0,202.0,200.0,200.0,200.0,198.0,198.0
204.0,202.0,200.0,200.0,200.0,200.0,198.0,196.0
204.0,202.0,200.0,200.0,200.0,198.0,198.0,196.0
202.0,200.0,200.0,200.0,200.0,198.0,198.0,194.0
202.0,200.0,200.0,200.0,198.0,198.0,198.0,192.0
200.0,200.0,200.0,200.0,198.0,198.0,196.0,190.0
200.0,200.0,200.0,198.0,198.0,198.0,196.0,188.0
200.0,200.0,200.0,198.0,198.0,196.0,194.0,188.0
200.0,198.0,198.0,198.0,196.0,192.0,188.0,202.0
308.0,314.0,320.0,330.0,344.0,356.0,366.0,372.0
310.0,316.0,324.0,336.0,350.0,362.0,370.0,370.0
314.0,320.0,330.0,344.0,356.0,366.0,374.0,368.0
320.0,330.0,344.0,356.0,366.0,374.0,372.0,358.0
324.0,336.0,350.0,362.0,370.0,374.0,370.0,352.0
330.0,344.0,356.0,366.0,374.0,372.0,368.0,348.0
336.0,350.0,362.0,370.0,374.0,370.0,364.0,344.0
344.0,356.0,366.0,374.0,372.0,368.0,358.0,340.0
350.0,362.0,370.0,374.0,370.0,364.0,352.0,338.0
356.0,366.0,374.0,372.0,368.0,358.0,348.0,340.0
366.0,374.0,372.0,368.0,358.0,348.0,340.0,342.0
370.0,374.0,370.0,364.0,352.0,344.0,338.0,344.0
374.0,372.0,368.0,358.0,348.0,340.0,340.0,342.0
374.0,370.0,364.0,352.0,344.0,338.0,342.0,344.0
372.0,368.0,358.0,348.0,340.0,340.0,342.0,344.0
370.0,364.0,352.0,344.0,338.0,342.0,344.0,344.0
364.0,352.0,344.0,338.0,342.0,344.0,344.0,344.0
358.0,348.0,340.0,340.0,342.0,342.0,344.0,344.0
348.0,340.0,340.0,342.0,342.0,344.0,344.0,340.0
344.0,338.0,342.0,344.0,344.0,344.0,344.0,340.0
340.0,340.0,342.0,342.0,344.0,344.0,344.0,340.0
338.0,342.0,344.0,344.0,344.0,344.0,342.0,340.0
340.0,342.0,342.0,344.0,344.0,344.0,340.0,342.0
342.0,344.0,344.0,344.0,344.0,342.0,340.0,344.0
342.0,342.0,344.0,344.0,344.0,340.0,340.0,346.0
344.0,344.0,344.0,344.0,342.0,340.0,340.0,348.0
342.0,344.0,344.0,344.0,340.0,340.0,342.0,350.0
344.0,344.0,344.0,340.0,340.0,342.0,346.0,354.0
344.0,340.0,340.0,342.0,346.0,350.0,354.0,358.0
342.0,340.0,340.0,344.0,348.0,352.0,356.0,358.0
340.0,340.0,342.0,346.0,350.0,354.0,356.0,360.0
340.0,340.0,344.0,348.0,352.0,356.0,358.0,362.0
340.0,342.0,346.0,350.0,354.0,356.0,358.0,364.0
340.0,344.0,348.0,352.0,356.0,358.0,358.0,364.0
342.0,346.0,350.0,354.0,356.0,358.0,360.0,362.0
344.0,348.0,352.0,356.0,358.0,358.0,362.0,360.0
346.0,350.0,354.0,356.0,358.0,360.0,364.0,360.0
350.0,354.0,356.0,358.0,360.0,364.0,362.0,360.0
352.0,356.0,358.0,358.0,362.0,364.0,360.0,358.0
354.0,356.0,358.0,360.0,364.0,362.0,360.0,356.0
356.0,358.0,358.0,362.0,364.0,360.0,360.0,354.0
356.0,358.0,360.0,364.0,362.0,360.0,360.0,352.0
358.0,358.0,362.0,364.0,360.0,360.0,358.0,348.0
358.0,360.0,364.0,362.0,360.0,360.0,356.0,342.0
358.0,362.0,364.0,360.0,360.0,358.0,354.0,338.0
360.0,364.0,362.0,360.0,360.0,356.0,352.0,336.0
362.0,364.0,360.0,360.0,358.0,354.0,348.0,332.0
364.0,362.0,360.0,360.0,356.0,352.0,342.0,330.0
360.0,360.0,358.0,354.0,348.0,338.0,332.0,322.0
360.0,360.0,356.0,352.0,342.0,336.0,330.0,318.0
360.0,358.0,354.0,348.0,338.0,332.0,328.0,314.0
358.0,354.0,348.0,338.0,332.0,328.0,322.0,308.0
356.0,352.0,342.0,336.0,330.0,326.0,318.0,306.0
354.0,348.0,338.0,332.0,328.0,322.0,314.0,304.0
352.0,342.0,336.0,330.0,326.0,318.0,312.0,302.0
348.0,338.0,332.0,328.0,322.0,314.0,308.0,300.0
248.0,246.0,244.0,242.0,240.0,242.0,244.0,250.0
248.0,246.0,244.0,242.0,240.0,242.0,246.0,252.0
246.0,244.0,242.0,240.0,242.0,244.0,246.0,256.0
244.0,242.0,240.0,242.0,244.0,246.0,250.0,276.0
242.0,240.0,242.0,244.0,246.0,250.0,256.0,274.0
240.0,242.0,244.0,246.0,250.0,256.0,276.0,266.0
240.0,242.0,246.0,248.0,252.0,274.0,276.0,262.0
242.0,244.0,246.0,250.0,256.0,276.0,274.0,254.0
242.0,246.0,248.0,252.0,274.0,276.0,270.0,248.0
244.0,246.0,250.0,256.0,276.0,274.0,266.0,242.0
246.0,248.0,252.0,274.0,276.0,270.0,262.0,236.0
246.0,250.0,256.0,276.0,274.0,266.0,254.0,230.0
248.0,252.0,274.0,276.0,270.0,262.0,248.0,224.0
250.0,256.0,276.0,274.0,266.0,254.0,242.0,218.0
274.0,276.0,270.0,262.0,248.0,236.0,224.0,204.0
276.0,274.0,266.0,254.0,242.0,230.0,218.0,202.0
276.0,270.0,262.0,248.0,236.0,224.0,214.0,200.0
274.0,266.0,254.0,242.0,230.0,218.0,210.0,198.0
270.0,262.0,248.0,236.0,224.0,214.0,204.0,196.0
266.0,254.0,242.0,230.0,218.0,210.0,202.0,192.0
254.0,242.0,230.0,218.0,210.0,202.0,198.0,188.0
248.0,236.0,224.0,214.0,204.0,200.0,196.0,184.0
242.0,230.0,218.0,210.0,202.0,198.0,192.0,182.0
236.0,224.0,214.0,204.0,200.0,196.0,190.0,180.0
230.0,218.0,210.0,202.0,198.0,192.0,188.0,180.0
224.0,214.0,204.0,200.0,196.0,190.0,184.0,180.0
218.0,210.0,202.0,198.0,192.0,188.0,182.0,180.0
214.0,204.0,200.0,196.0,190.0,184.0,180.0,178.0
210.0,202.0,198.0,192.0,188.0,182.0,180.0,178.0
204.0,200.0,196.0,190.0,184.0,180.0,180.0,180.0
202.0,198.0,192.0,188.0,182.0,180.0,180.0,184.0
200.0,196.0,190.0,184.0,180.0,180.0,178.0,188.0
198.0,192.0,188.0,182.0,180.0,180.0,178.0,192.0
190.0,184.0,180.0,180.0,178.0,180.0,188.0,208.0
188.0,182.0,180.0,180.0,178.0,184.0,192.0,214.0
184.0,180.0,180.0,178.0,180.0,188.0,196.0,220.0
182.0,180.0,180.0,178.0,184.0,192.0,202.0,226.0
180.0,180.0,178.0,180.0,188.0,196.0,208.0,234.0
180.0,180.0,178.0,184.0,192.0,202.0,214.0,240.0
180.0,178.0,184.0,192.0,202.0,214.0,226.0,252.0
178.0,180.0,188.0,196.0,208.0,220.0,234.0,258.0
178.0,184.0,192.0,202.0,214.0,226.0,240.0,264.0
184.0,192.0,202.0,214.0,226.0,240.0,252.0,276.0
188.0,196.0,208.0,220.0,234.0,246.0,258.0,282.0
192.0,202.0,214.0,226.0,240.0,252.0,264.0,286.0
196.0,208.0,220.0,234.0,246.0,258.0,270.0,290.0
202.0,214.0,226.0,240.0,252.0,264.0,276.0,296.0
208.0,220.0,234.0,246.0,258.0,270.0,282.0,302.0
214.0,226.0,240.0,252.0,264.0,276.0,286.0,308.0
220.0,234.0,246.0,258.0,270.0,282.0,290.0,314.0
226.0,240.0,252.0,264.0,276.0,286.0,296.0,320.0
240.0,252.0,264.0,276.0,286.0,296.0,308.0,332.0
258.0,270.0,282.0,290.0,302.0,314.0,326.0,322.0
264.0,276.0,286.0,296.0,308.0,320.0,332.0,318.0
222.0,220.0,218.0,216.0,214.0,212.0,208.0,220.0
220.0,220.0,216.0,214.0,214.0,210.0,210.0,224.0
220.0,216.0,214.0,214.0,210.0,210.0,216.0,228.0
218.0,216.0,214.0,212.0,208.0,212.0,220.0,232.0
216.0,214.0,214.0,210.0,210.0,216.0,224.0,234.0
216.0,214.0,212.0,208.0,212.0,220.0,226.0,236.0
214.0,214.0,210.0,210.0,216.0,224.0,228.0,238.0
214.0,212.0,208.0,212.0,220.0,226.0,232.0,238.0
214.0,210.0,210.0,216.0,224.0,228.0,234.0,236.0
212.0,208.0,212.0,220.0,226.0,232.0,236.0,236.0
210.0,210.0,216.0,224.0,228.0,234.0,238.0,236.0
208.0,212.0,220.0,226.0,232.0,236.0,238.0,238.0
210.0,216.0,224.0,228.0,234.0,238.0,236.0,242.0
212.0,220.0,226.0,232.0,236.0,238.0,236.0,246.0
216.0,224.0,228.0,234.0,238.0,236.0,236.0,250.0
220.0,226.0,232.0,236.0,238.0,236.0,238.0,258.0
224.0,228.0,234.0,238.0,236.0,236.0,242.0,266.0
226.0,232.0,236.0,238.0,236.0,238.0,246.0,272.0
228.0,234.0,238.0,236.0,236.0,242.0,250.0,278.0
232.0,236.0,238.0,236.0,238.0,246.0,258.0,282.0
238.0,236.0,236.0,242.0,250.0,266.0,278.0,294.0
238.0,236.0,238.0,246.0,258.0,272.0,282.0,296.0
236.0,238.0,246.0,258.0,272.0,282.0,290.0,294.0
238.0,246.0,258.0,272.0,282.0,290.0,296.0,294.0
242.0,250.0,266.0,278.0,286.0,294.0,296.0,296.0
246.0,258.0,272.0,282.0,290.0,296.0,294.0,304.0
250.0,266.0,278.0,286.0,294.0,296.0,294.0,310.0
258.0,272.0,282.0,290.0,296.0,294.0,294.0,318.0
266.0,278.0,286.0,294.0,296.0,294.0,296.0,322.0
272.0,282.0,290.0,296.0,294.0,294.0,304.0,326.0
278.0,286.0,294.0,296.0,294.0,296.0,310.0,330.0
282.0,290.0,296.0,294.0,294.0,304.0,318.0,334.0
290.0,296.0,294.0,294.0,304.0,318.0,326.0,332.0
296.0,294.0,294.0,304.0,318.0,326.0,334.0,332.0
296.0,294.0,296.0,310.0,322.0,330.0,334.0,330.0
294.0,294.0,304.0,318.0,326.0,334.0,332.0,328.0
294.0,296.0,310.0,322.0,330.0,334.0,332.0,328.0
294.0,304.0,318.0,326.0,334.0,332.0,332.0,326.0
296.0,310.0,322.0,330.0,334.0,332.0,330.0,326.0
304.0,318.0,326.0,334.0,332.0,332.0,328.0,324.0
310.0,322.0,330.0,334.0,332.0,330.0,328.0,322.0
318.0,326.0,334.0,332.0,332.0,328.0,326.0,320.0
322.0,330.0,334.0,332.0,330.0,328.0,326.0,320.0
326.0,334.0,332.0,332.0,328.0,326.0,324.0,318.0
330.0,334.0,332.0,330.0,328.0,326.0,322.0,316.0
334.0,332.0,332.0,328.0,326.0,324.0,320.0,314.0
334.0,332.0,330.0,328.0,326.0,322.0,320.0,312.0
332.0,332.0,328.0,326.0,324.0,320.0,318.0,308.0
330.0,328.0,326.0,322.0,320.0,316.0,312.0,306.0
328.0,326.0,324.0,320.0,318.0,314.0,308.0,306.0
328.0,326.0,322.0,320.0,316.0,312.0,308.0,306.0
324.0,320.0,318.0,314.0,308.0,306.0,306.0,302.0
322.0,320.0,316.0,312.0,308.0,306.0,306.0,302.0
320.0,318.0,314.0,308.0,306.0,306.0,304.0,302.0
320.0,316.0,312.0,308.0,306.0,306.0,302.0,302.0
318.0,314.0,308.0,306.0,306.0,304.0,302.0,302.0
318.0,326.0,332.0,334.0,332.0,324.0,322.0,308.0
322.0,328.0,334.0,334.0,328.0,324.0,320.0,304.0
326.0,332.0,334.0,332.0,324.0,322.0,316.0,300.0
328.0,334.0,334.0,328.0,324.0,320.0,312.0,294.0
332.0,334.0,332.0,324.0,322.0,316.0,308.0,290.0
334.0,334.0,328.0,324.0,320.0,312.0,304.0,288.0
328.0,324.0,320.0,312.0,304.0,294.0,288.0,290.0
324.0,322.0,316.0,308.0,300.0,290.0,290.0,288.0
322.0,316.0,308.0,300.0,290.0,290.0,292.0,282.0
320.0,312.0,304.0,294.0,288.0,292.0,290.0,280.0
316.0,308.0,300.0,290.0,290.0,292.0,288.0,278.0
308.0,300.0,290.0,290.0,292.0,288.0,282.0,276.0
304.0,294.0,288.0,292.0,290.0,284.0,280.0,276.0
300.0,290.0,290.0,292.0,288.0,282.0,278.0,278.0
290.0,290.0,292.0,288.0,282.0,278.0,276.0,282.0
288.0,292.0,290.0,284.0,280.0,276.0,276.0,282.0
288.0,282.0,278.0,276.0,278.0,282.0,282.0,282.0
284.0,280.0,276.0,276.0,282.0,282.0,280.0,282.0
282.0,278.0,276.0,278.0,282.0,282.0,282.0,280.0
278.0,276.0,278.0,282.0,282.0,282.0,282.0,274.0
276.0,276.0,282.0,282.0,280.0,282.0,282.0,272.0
276.0,278.0,282.0,282.0,282.0,282.0,280.0,272.0
282.0,282.0,280.0,282.0,282.0,278.0,272.0,276.0
282.0,282.0,282.0,282.0,280.0,274.0,272.0,278.0
282.0,282.0,278.0,272.0,272.0,276.0,280.0,288.0
282.0,280.0,274.0,272.0,274.0,278.0,282.0,288.0
278.0,272.0,272.0,276.0,280.0,284.0,288.0,292.0
274.0,272.0,274.0,278.0,282.0,286.0,288.0,294.0
272.0,272.0,276.0,280.0,284.0,288.0,290.0,296.0
272.0,276.0,280.0,284.0,288.0,290.0,292.0,302.0
274.0,278.0,282.0,286.0,288.0,292.0,294.0,306.0
278.0,282.0,286.0,288.0,292.0,294.0,300.0,314.0
280.0,284.0,288.0,290.0,292.0,296.0,302.0,318.0
146.0,150.0,156.0,168.0,168.0,172.0,178.0,150.0
148.0,154.0,164.0,168.0,170.0,176.0,176.0,150.0
156.0,168.0,168.0,172.0,178.0,160.0,150.0,152.0
168.0,168.0,172.0,178.0,160.0,150.0,150.0,158.0
168.0,170.0,176.0,176.0,152.0,150.0,150.0,158.0
172.0,178.0,160.0,150.0,150.0,152.0,158.0,204.0
176.0,176.0,152.0,150.0,150.0,156.0,158.0,224.0
178.0,160.0,150.0,150.0,152.0,158.0,156.0,234.0
150.0,150.0,156.0,158.0,170.0,224.0,242.0,258.0
150.0,152.0,158.0,156.0,204.0,234.0,250.0,204.0
150.0,156.0,158.0,170.0,224.0,242.0,256.0,168.0
152.0,158.0,156.0,204.0,234.0,250.0,260.0,152.0
158.0,170.0,224.0,242.0,256.0,258.0,168.0,208.0
156.0,204.0,234.0,250.0,260.0,204.0,152.0,240.0
204.0,234.0,250.0,260.0,204.0,152.0,168.0,274.0
224.0,242.0,256.0,258.0,168.0,150.0,208.0,256.0
234.0,250.0,260.0,204.0,152.0,168.0,240.0,250.0
250.0,260.0,204.0,152.0,168.0,240.0,274.0,270.0
256.0,258.0,168.0,150.0,208.0,268.0,256.0,280.0
258.0,168.0,150.0,208.0,268.0,256.0,254.0,272.0
204.0,152.0,168.0,240.0,274.0,250.0,270.0,276.0
168.0,150.0,208.0,268.0,256.0,254.0,280.0,280.0
152.0,168.0,240.0,274.0,250.0,270.0,280.0,284.0
150.0,208.0,268.0,256.0,254.0,280.0,272.0,286.0
168.0,240.0,274.0,250.0,270.0,280.0,276.0,284.0
208.0,268.0,256.0,254.0,280.0,272.0,280.0,280.0
268.0,256.0,254.0,280.0,272.0,280.0,286.0,262.0
256.0,254.0,280.0,272.0,280.0,286.0,280.0,246.0
250.0,270.0,280.0,276.0,284.0,284.0,272.0,246.0
254.0,280.0,272.0,280.0,286.0,280.0,262.0,242.0
270.0,280.0,276.0,284.0,284.0,272.0,252.0,244.0
280.0,272.0,280.0,286.0,280.0,262.0,246.0,262.0
280.0,276.0,284.0,284.0,272.0,252.0,246.0,274.0
276.0,284.0,284.0,272.0,252.0,246.0,244.0,260.0
280.0,286.0,280.0,262.0,246.0,242.0,262.0,250.0
284.0,284.0,272.0,252.0,246.0,244.0,274.0,254.0
286.0,280.0,262.0,246.0,242.0,262.0,270.0,270.0
284.0,272.0,252.0,246.0,244.0,274.0,260.0,282.0
280.0,262.0,246.0,242.0,262.0,270.0,250.0,288.0
262.0,246.0,242.0,262.0,270.0,250.0,270.0,282.0
246.0,242.0,262.0,270.0,250.0,270.0,288.0,284.0
246.0,244.0,274.0,260.0,254.0,282.0,288.0,292.0
242.0,262.0,270.0,250.0,270.0,288.0,282.0,292.0
244.0,274.0,260.0,254.0,282.0,288.0,276.0,290.0
266.0,266.0,264.0,254.0,250.0,256.0,254.0,242.0
266.0,264.0,254.0,250.0,256.0,254.0,248.0,238.0
266.0,258.0,250.0,254.0,256.0,250.0,244.0,236.0
264.0,254.0,250.0,256.0,254.0,248.0,242.0,234.0
254.0,250.0,256.0,254.0,248.0,242.0,238.0,232.0
250.0,254.0,256.0,250.0,244.0,240.0,236.0,232.0
254.0,256.0,250.0,244.0,240.0,236.0,234.0,234.0
256.0,254.0,248.0,242.0,238.0,234.0,232.0,234.0
250.0,244.0,240.0,236.0,234.0,232.0,234.0,240.0
248.0,242.0,238.0,234.0,232.0,232.0,234.0,242.0
244.0,240.0,236.0,234.0,232.0,234.0,236.0,244.0
242.0,238.0,234.0,232.0,232.0,234.0,240.0,244.0
238.0,234.0,232.0,232.0,234.0,240.0,242.0,246.0
236.0,234.0,232.0,234.0,236.0,240.0,244.0,246.0
234.0,232.0,232.0,234.0,240.0,242.0,244.0,242.0
234.0,232.0,234.0,236.0,240.0,244.0,244.0,240.0
232.0,232.0,234.0,240.0,242.0,244.0,246.0,236.0
232.0,234.0,236.0,240.0,244.0,244.0,246.0,236.0
232.0,234.0,240.0,242.0,244.0,246.0,242.0,234.0
234.0,236.0,240.0,244.0,244.0,246.0,240.0,236.0
234.0,240.0,242.0,244.0,246.0,242.0,236.0,238.0
236.0,240.0,244.0,244.0,246.0,240.0,236.0,246.0
